date,ai,google,meta,trump,climate,crypto,election,apple,reddit,war
2026-04-29,1,0,4,2,0,0,0,0,0,1
2026-04-30,5,1,0,2,0,0,0,0,0,0
2026-05-01,18,0,2,2,0,0,0,1,0,1
2026-05-02,14,1,0,1,0,0,0,0,0,0
2026-05-03,8,0,0,0,0,0,0,0,0,1
2026-05-04,9,0,0,2,1,0,1,0,0,2
2026-05-05,6,0,1,5,0,1,1,1,0,1
2026-05-06,12,2,0,0,0,0,0,0,0,0
2026-05-07,1,0,1,4,0,6,0,0,0,0
2026-05-08,9,0,1,1,0,0,1,0,0,0
2026-05-09,5,0,0,1,0,0,0,0,0,0
2026-05-10,18,0,3,3,0,0,1,0,0,0
2026-05-11,6,2,0,3,0,0,0,0,0,0
2026-05-12,3,1,0,3,0,0,0,0,0,1
2026-05-13,4,0,0,1,0,0,0,0,0,0
2026-05-14,30,0,1,2,0,0,0,1,0,0
2026-05-15,10,1,2,3,0,0,0,0,0,1
2026-05-16,4,0,0,4,0,0,0,0,0,0
2026-05-17,14,0,0,0,0,0,0,0,0,0
2026-05-18,21,2,1,4,0,0,0,1,0,0
2026-05-19,12,1,1,7,0,0,0,0,0,1
2026-05-20,18,6,0,3,0,0,0,0,0,0
2026-05-21,9,0,2,0,0,0,1,0,0,0
2026-05-22,13,5,1,9,0,0,1,2,0,2
2026-05-23,12,1,2,2,0,0,0,0,0,0
2026-05-24,11,2,0,1,0,0,0,0,0,0
2026-05-25,23,0,0,0,0,0,0,0,0,1
2026-05-26,63,7,1,4,0,0,0,2,0,0
2026-05-27,95,10,1,5,0,0,0,1,0,2
2026-05-28,62,9,3,9,0,1,1,5,0,7
2026-05-29,134,10,4,71,0,0,4,1,0,11
